epoch,time,train/box_loss,train/cls_loss,train/dfl_loss,metrics/precision(B),metrics/recall(B),metrics/mAP50(B),metrics/mAP50-95(B),val/box_loss,val/cls_loss,val/dfl_loss,lr/pg0,lr/pg1,lr/pg2
1,442.474,1.68125,0.90247,0.8487,0.52457,0.39786,0.38212,0.1508,2.28711,1.75149,0.90393,0.000552527,0.000552527,0.000552527
2,863.611,1.74459,0.96743,0.85966,0.47256,0.55216,0.44186,0.16573,2.23247,1.64789,0.89279,0.00108077,0.00108077,0.00108077
3,1296.08,1.87102,1.01435,0.82892,0.35948,0.54577,0.3665,0.14321,2.33418,1.73022,0.90778,0.0015815,0.0015815,0.0015815
4,1718.86,1.76067,0.99876,0.86123,0.3964,0.62313,0.42944,0.15293,2.52692,1.86181,0.95091,0.00154323,0.00154323,0.00154323
5,2155.35,1.88542,1.09667,0.84785,0.44182,0.53467,0.40046,0.16334,2.34181,1.66607,0.9003,0.00150197,0.00150197,0.00150197
6,2576.23,1.78737,1.01436,0.85894,0.39816,0.5263,0.38643,0.15121,2.35605,1.72464,0.89632,0.00146071,0.00146071,0.00146071
7,2997.18,1.8058,1.05007,0.85897,0.4434,0.52589,0.41765,0.16506,2.32869,1.6231,0.91592,0.00141945,0.00141945,0.00141945
