epoch,time,train/box_loss,train/cls_loss,train/dfl_loss,metrics/precision(B),metrics/recall(B),metrics/mAP50(B),metrics/mAP50-95(B),val/box_loss,val/cls_loss,val/dfl_loss,lr/pg0,lr/pg1,lr/pg2
1,221.458,1.98826,1.87054,0.97761,0.40832,0.60792,0.4251,0.16126,2.24946,1.77671,0.94598,0.000549878,0.000549878,0.000549878
2,443.07,2.0898,1.84855,0.97697,0.43279,0.60418,0.41335,0.14302,2.27016,1.81084,0.96707,0.00105082,0.00105082,0.00105082
3,635.47,2.11177,1.88021,0.93692,0.30248,0.4573,0.2757,0.08659,2.86025,1.94469,1.12214,0.00149675,0.00149675,0.00149675
4,824.56,2.09935,1.78756,0.94253,0.40752,0.56056,0.36232,0.12192,2.39308,2.01053,0.99099,0.00141945,0.00141945,0.00141945
5,1016.71,2.18545,1.75204,0.99448,0.35891,0.68323,0.34351,0.11976,2.37948,1.65805,0.98347,0.00133693,0.00133693,0.00133693
6,1206.99,1.95522,1.66247,0.98297,0.39013,0.63354,0.36455,0.13894,2.21797,1.58363,0.96293,0.00125442,0.00125442,0.00125442
