epoch,time,train/box_loss,train/cls_loss,train/dfl_loss,metrics/precision(B),metrics/recall(B),metrics/mAP50(B),metrics/mAP50-95(B),val/box_loss,val/cls_loss,val/dfl_loss,lr/pg0,lr/pg1,lr/pg2
1,406.508,1.8819,1.25913,0.87655,0.3999,0.61686,0.40484,0.14946,2.47233,1.62851,0.91849,0.000552527,0.000552527,0.000552527
2,797.024,1.99213,1.32096,0.89954,0.45455,0.56767,0.46139,0.16363,2.43758,1.53969,0.93087,0.00105334,0.00105334,0.00105334
3,1201.89,2.16551,1.39437,0.87403,0.41583,0.55667,0.4069,0.14467,2.50409,1.68909,0.9368,0.00149914,0.00149914,0.00149914
4,1582.98,2.04905,1.38683,0.90768,0.39172,0.59188,0.37574,0.13446,2.41859,1.79418,0.91229,0.00141945,0.00141945,0.00141945
5,1962.07,2.12361,1.42233,0.88596,0.35987,0.54821,0.36578,0.13828,2.42912,1.62127,0.95065,0.00133693,0.00133693,0.00133693
6,2335.72,2.07968,1.32719,0.89801,0.3481,0.48482,0.30621,0.09735,2.64562,1.73259,0.92352,0.00125442,0.00125442,0.00125442
7,2728.8,2.04548,1.35838,0.89446,0.34331,0.51364,0.33412,0.12606,2.52983,1.78891,0.9246,0.0011719,0.0011719,0.0011719
